Interval,Sample #,Date/Time,Light/Dark,Start Time,End Time,Duration (s),Weight (g),Accumulated (g),
1,1,9/15/2014 5:24:23 PM,Light,3/16/1980 5:24:04 PM,3/16/1980 5:24:12 PM,8,0.04,0.04,
3,2,9/15/2014 6:14:57 PM,Light,3/16/1980 6:13:41 PM,3/16/1980 6:14:47 PM,66,0.10,0.13,
3,3,9/15/2014 6:23:36 PM,Light,3/16/1980 6:23:16 PM,3/16/1980 6:23:26 PM,10,0.04,0.18,
4,4,9/15/2014 6:55:36 PM,Light,3/16/1980 6:55:17 PM,3/16/1980 6:55:25 PM,8,-0.18,0.00,
5,5,9/15/2014 7:09:10 PM,Dark,3/16/1980 7:08:24 PM,3/16/1980 7:08:59 PM,35,-0.07,-0.07,
5,6,9/15/2014 7:14:11 PM,Dark,3/16/1980 7:13:56 PM,3/16/1980 7:14:01 PM,5,0.07,-0.01,
6,7,9/15/2014 7:30:14 PM,Dark,3/16/1980 7:29:55 PM,3/16/1980 7:30:03 PM,8,-0.05,-0.06,
7,8,9/15/2014 8:01:45 PM,Dark,3/16/1980 8:00:38 PM,3/16/1980 8:01:34 PM,56,0.15,0.09,
7,9,9/15/2014 8:02:16 PM,Dark,3/16/1980 8:01:52 PM,3/16/1980 8:02:06 PM,14,0.07,0.16,
8,10,9/15/2014 8:23:59 PM,Dark,3/16/1980 8:23:44 PM,3/16/1980 8:23:48 PM,4,0.14,0.30,
9,11,9/15/2014 8:46:21 PM,Dark,3/17/1980 8:46:05 PM,3/17/1980 8:46:10 PM,5,0.14,0.43,
10,12,9/15/2014 9:09:16 PM,Dark,3/17/1980 9:08:54 PM,3/17/1980 9:09:05 PM,11,0.16,0.59,
11,13,9/15/2014 9:52:47 PM,Dark,3/17/1980 9:52:28 PM,3/17/1980 9:52:36 PM,8,0.04,0.63,
12,14,9/15/2014 10:02:02 PM,Dark,3/17/1980 10:01:46 PM,3/17/1980 10:01:51 PM,5,-0.05,0.58,
12,15,9/15/2014 10:04:54 PM,Dark,3/17/1980 10:04:32 PM,3/17/1980 10:04:43 PM,11,0.42,1.01,
13,16,9/15/2014 10:38:34 PM,Dark,3/17/1980 10:37:54 PM,3/17/1980 10:38:23 PM,29,0.36,1.37,
14,17,9/15/2014 10:57:24 PM,Dark,3/17/1980 10:56:54 PM,3/17/1980 10:57:13 PM,19,-0.11,1.25,
14,18,9/15/2014 11:00:13 PM,Dark,3/17/1980 10:59:12 PM,3/17/1980 11:00:03 PM,51,-0.07,1.18,
14,19,9/15/2014 11:02:18 PM,Dark,3/17/1980 11:01:45 PM,3/17/1980 11:02:07 PM,22,-0.10,1.08,
15,20,9/15/2014 11:21:04 PM,Dark,3/17/1980 11:20:46 PM,3/17/1980 11:20:54 PM,8,-0.43,0.65,
15,21,9/15/2014 11:31:06 PM,Dark,3/17/1980 11:30:27 PM,3/17/1980 11:30:55 PM,28,0.28,0.93,
15,22,9/15/2014 11:33:31 PM,Dark,3/17/1980 11:33:06 PM,3/17/1980 11:33:20 PM,14,0.11,1.04,
15,23,9/15/2014 11:35:26 PM,Dark,3/17/1980 11:35:06 PM,3/17/1980 11:35:15 PM,9,-0.07,0.96,
16,24,9/15/2014 11:48:56 PM,Dark,3/17/1980 11:48:24 PM,3/17/1980 11:48:46 PM,22,0.05,1.01,
16,25,9/15/2014 11:54:37 PM,Dark,3/17/1980 11:54:21 PM,3/17/1980 11:54:26 PM,5,-0.03,0.98,
17,26,9/16/2014 12:10:04 AM,Dark,3/17/1980 12:09:34 AM,3/17/1980 12:09:54 AM,20,-0.04,0.94,
17,27,9/16/2014 12:12:24 AM,Dark,3/17/1980 12:11:13 AM,3/17/1980 12:12:14 AM,61,0.13,1.07,
17,28,9/16/2014 12:19:22 AM,Dark,3/17/1980 12:19:08 AM,3/17/1980 12:19:12 AM,4,-0.08,0.98,
17,29,9/16/2014 12:20:14 AM,Dark,3/17/1980 12:19:49 AM,3/17/1980 12:20:03 AM,14,0.09,1.08,
18,30,9/16/2014 12:31:31 AM,Dark,3/17/1980 12:31:01 AM,3/17/1980 12:31:20 AM,19,0.07,1.15,
18,31,9/16/2014 12:33:54 AM,Dark,3/17/1980 12:33:26 AM,3/17/1980 12:33:43 AM,17,-0.14,1.01,
18,32,9/16/2014 12:35:49 AM,Dark,3/17/1980 12:35:13 AM,3/17/1980 12:35:38 AM,25,0.09,1.10,
21,33,9/16/2014 1:45:02 AM,Dark,3/17/1980 1:44:37 AM,3/17/1980 1:44:51 AM,14,0.27,1.36,
21,34,9/16/2014 1:45:44 AM,Dark,3/17/1980 1:45:23 AM,3/17/1980 1:45:34 AM,11,-0.06,1.31,
21,35,9/16/2014 1:48:29 AM,Dark,3/17/1980 1:48:03 AM,3/17/1980 1:48:18 AM,15,0.04,1.35,
21,36,9/16/2014 1:49:09 AM,Dark,3/17/1980 1:48:51 AM,3/17/1980 1:48:59 AM,8,-0.06,1.29,
21,37,9/16/2014 1:52:03 AM,Dark,3/17/1980 1:51:47 AM,3/17/1980 1:51:53 AM,6,0.61,1.90,
21,38,9/16/2014 1:52:47 AM,Dark,3/17/1980 1:52:29 AM,3/17/1980 1:52:37 AM,8,-0.09,1.81,
21,39,9/16/2014 1:55:50 AM,Dark,3/17/1980 1:55:35 AM,3/17/1980 1:55:39 AM,4,-0.04,1.77,
21,40,9/16/2014 1:57:39 AM,Dark,3/17/1980 1:57:02 AM,3/17/1980 1:57:28 AM,26,0.09,1.86,
21,41,9/16/2014 2:00:35 AM,Dark,3/17/1980 1:59:32 AM,3/17/1980 2:00:25 AM,53,0.04,1.90,
21,42,9/16/2014 2:01:34 AM,Dark,3/17/1980 2:00:51 AM,3/17/1980 2:01:24 AM,33,0.07,1.96,
21,43,9/16/2014 2:02:30 AM,Dark,3/17/1980 2:01:52 AM,3/17/1980 2:02:19 AM,27,0.14,2.10,
21,44,9/16/2014 2:05:31 AM,Dark,3/17/1980 2:05:10 AM,3/17/1980 2:05:20 AM,10,0.39,2.49,
21,45,9/16/2014 2:06:43 AM,Dark,3/17/1980 2:05:51 AM,3/17/1980 2:06:32 AM,41,-0.13,2.36,
21,46,9/16/2014 2:08:18 AM,Dark,3/17/1980 2:07:05 AM,3/17/1980 2:08:07 AM,62,-0.15,2.21,
22,47,9/16/2014 2:25:27 AM,Dark,3/17/1980 2:24:40 AM,3/17/1980 2:25:16 AM,36,0.11,2.32,
23,48,9/16/2014 2:48:52 AM,Dark,3/17/1980 2:48:18 AM,3/17/1980 2:48:41 AM,23,-0.07,2.25,
25,49,9/16/2014 3:34:24 AM,Dark,3/17/1980 3:33:38 AM,3/17/1980 3:34:13 AM,35,0.09,2.34,
25,50,9/16/2014 3:37:16 AM,Dark,3/17/1980 3:36:17 AM,3/17/1980 3:37:05 AM,48,-0.03,2.31,
27,51,9/16/2014 4:27:20 AM,Dark,3/17/1980 4:26:56 AM,3/17/1980 4:27:09 AM,13,0.38,2.70,
27,52,9/16/2014 4:32:44 AM,Dark,3/17/1980 4:31:40 AM,3/17/1980 4:32:34 AM,54,0.19,2.89,
27,53,9/16/2014 4:35:58 AM,Dark,3/17/1980 4:34:54 AM,3/17/1980 4:35:48 AM,54,-0.20,2.69,
28,54,9/16/2014 4:54:35 AM,Dark,3/17/1980 4:53:48 AM,3/17/1980 4:54:24 AM,36,0.26,2.95,
32,55,9/16/2014 6:32:58 AM,Dark,3/17/1980 6:32:20 AM,3/17/1980 6:32:48 AM,28,-0.05,2.90,
32,56,9/16/2014 6:37:51 AM,Dark,3/17/1980 6:37:27 AM,3/17/1980 6:37:40 AM,13,0.27,3.17,
32,57,9/16/2014 6:43:12 AM,Dark,3/17/1980 6:42:42 AM,3/17/1980 6:43:02 AM,20,-0.29,2.88,
32,58,9/16/2014 6:48:56 AM,Dark,3/17/1980 6:48:39 AM,3/17/1980 6:48:45 AM,6,0.04,2.92,
33,59,9/16/2014 6:52:10 AM,Light,3/17/1980 6:51:52 AM,3/17/1980 6:51:59 AM,7,0.19,3.11,
33,60,9/16/2014 6:56:10 AM,Light,3/17/1980 6:55:42 AM,3/17/1980 6:55:59 AM,17,-0.03,3.08,
33,61,9/16/2014 7:02:04 AM,Light,3/17/1980 7:01:16 AM,3/17/1980 7:01:53 AM,37,0.09,3.17,
35,62,9/16/2014 8:03:58 AM,Light,3/17/1980 8:03:38 AM,3/17/1980 8:03:48 AM,10,0.09,3.27,
36,63,9/16/2014 8:08:40 AM,Light,3/17/1980 8:08:08 AM,3/17/1980 8:08:30 AM,22,0.23,3.49,
42,64,9/16/2014 10:40:53 AM,Light,3/17/1980 10:40:07 AM,3/17/1980 10:40:43 AM,36,0.09,3.58,
42,65,9/16/2014 10:47:20 AM,Light,3/17/1980 10:46:54 AM,3/17/1980 10:47:09 AM,15,0.21,3.79,
48,66,9/16/2014 1:29:03 PM,Light,3/17/1980 1:28:32 PM,3/17/1980 1:28:53 PM,21,0.03,3.82,
54,67,9/16/2014 4:10:34 PM,Light,3/17/1980 4:09:23 PM,3/17/1980 4:10:24 PM,61,-0.07,3.75,
55,68,9/16/2014 4:11:56 PM,Light,3/17/1980 4:11:38 PM,3/17/1980 4:11:45 PM,7,0.23,3.98,
58,69,9/16/2014 5:40:36 PM,Light,3/17/1980 5:40:03 PM,3/17/1980 5:40:26 PM,23,0.20,4.18,
58,70,9/16/2014 5:46:45 PM,Light,3/17/1980 5:46:13 PM,3/17/1980 5:46:35 PM,22,0.28,4.45,
59,71,9/16/2014 6:14:53 PM,Light,3/17/1980 6:14:34 PM,3/17/1980 6:14:43 PM,9,0.28,4.73,
60,72,9/16/2014 6:25:33 PM,Light,3/17/1980 6:24:47 PM,3/17/1980 6:25:22 PM,35,0.07,4.81,
60,73,9/16/2014 6:26:41 PM,Light,3/17/1980 6:26:06 PM,3/17/1980 6:26:30 PM,24,0.03,4.84,
60,74,9/16/2014 6:31:35 PM,Light,3/17/1980 6:31:04 PM,3/17/1980 6:31:24 PM,20,-0.07,4.77,
60,75,9/16/2014 6:40:35 PM,Light,3/17/1980 6:40:05 PM,3/17/1980 6:40:24 PM,19,0.10,4.87,
61,76,9/16/2014 7:04:04 PM,Light,3/17/1980 7:02:49 PM,3/17/1980 7:03:54 PM,65,0.25,5.12,
61,77,9/16/2014 7:05:01 PM,Light,3/17/1980 7:04:37 PM,3/17/1980 7:04:51 PM,14,-0.09,5.03,
62,78,9/16/2014 7:12:40 PM,Dark,3/17/1980 7:12:20 PM,3/17/1980 7:12:29 PM,9,-0.05,4.98,
63,79,9/16/2014 7:37:26 PM,Dark,3/17/1980 7:36:24 PM,3/17/1980 7:37:15 PM,51,0.20,5.18,
63,80,9/16/2014 7:39:25 PM,Dark,3/17/1980 7:39:00 PM,3/17/1980 7:39:15 PM,15,0.19,5.36,
63,81,9/16/2014 7:40:12 PM,Dark,3/17/1980 7:39:51 PM,3/17/1980 7:40:02 PM,11,-0.31,5.06,
63,82,9/16/2014 7:42:51 PM,Dark,3/17/1980 7:42:34 PM,3/17/1980 7:42:40 PM,6,-0.05,5.01,
63,83,9/16/2014 7:44:13 PM,Dark,3/17/1980 7:43:59 PM,3/17/1980 7:44:02 PM,3,0.08,5.10,
63,84,9/16/2014 7:45:25 PM,Dark,3/17/1980 7:45:08 PM,3/17/1980 7:45:15 PM,7,0.16,5.26,
63,85,9/16/2014 7:46:36 PM,Dark,3/17/1980 7:46:01 PM,3/17/1980 7:46:25 PM,24,-0.14,5.12,
63,86,9/16/2014 7:51:26 PM,Dark,3/17/1980 7:46:52 PM,3/17/1980 7:51:15 PM,263,0.05,5.17,
63,87,9/16/2014 7:55:24 PM,Dark,3/17/1980 7:53:37 PM,3/17/1980 7:55:13 PM,96,0.07,5.24,
63,88,9/16/2014 7:59:03 PM,Dark,3/17/1980 7:56:04 PM,3/17/1980 7:58:52 PM,168,-0.12,5.12,
63,89,9/16/2014 8:01:22 PM,Dark,3/17/1980 8:01:07 PM,3/17/1980 8:01:12 PM,5,0.05,5.17,
64,90,9/16/2014 8:07:53 PM,Dark,3/17/1980 8:06:13 PM,3/17/1980 8:07:42 PM,89,0.04,5.21,
64,91,9/16/2014 8:09:12 PM,Dark,3/17/1980 8:08:56 PM,3/17/1980 8:09:01 PM,5,-0.09,5.13,
64,92,9/16/2014 8:12:05 PM,Dark,3/17/1980 8:10:12 PM,3/17/1980 8:11:55 PM,103,-0.06,5.07,
64,93,9/16/2014 8:13:04 PM,Dark,3/17/1980 8:12:46 PM,3/17/1980 8:12:53 PM,7,-0.04,5.02,
64,94,9/16/2014 8:17:59 PM,Dark,3/17/1980 8:16:00 PM,3/17/1980 8:17:49 PM,109,-0.05,4.97,
64,95,9/16/2014 8:21:40 PM,Dark,3/17/1980 8:19:52 PM,3/17/1980 8:21:29 PM,97,-0.17,4.80,
64,96,9/16/2014 8:24:02 PM,Dark,3/17/1980 8:23:30 PM,3/17/1980 8:23:52 PM,22,0.04,4.84,
65,97,9/16/2014 8:27:18 PM,Dark,3/17/1980 8:25:26 PM,3/17/1980 8:27:07 PM,101,0.03,4.87,
65,98,9/16/2014 8:28:31 PM,Dark,3/17/1980 8:27:25 PM,3/17/1980 8:28:20 PM,55,0.08,4.95,
65,99,9/16/2014 8:29:57 PM,Dark,3/17/1980 8:29:25 PM,3/17/1980 8:29:47 PM,22,0.04,4.99,
65,100,9/16/2014 8:31:49 PM,Dark,3/17/1980 8:30:03 PM,3/17/1980 8:31:38 PM,95,0.04,5.03,
65,101,9/16/2014 8:32:39 PM,Dark,3/17/1980 8:32:08 PM,3/17/1980 8:32:29 PM,21,0.05,5.08,
65,102,9/16/2014 8:36:36 PM,Dark,3/18/1980 8:35:49 PM,3/18/1980 8:36:25 PM,36,0.04,5.12,
65,103,9/16/2014 8:37:33 PM,Dark,3/18/1980 8:37:13 PM,3/18/1980 8:37:22 PM,9,0.11,5.23,
65,104,9/16/2014 8:39:26 PM,Dark,3/18/1980 8:38:58 PM,3/18/1980 8:39:15 PM,17,0.07,5.29,
65,105,9/16/2014 8:39:57 PM,Dark,3/18/1980 8:39:39 PM,3/18/1980 8:39:46 PM,7,0.04,5.33,
65,106,9/16/2014 8:41:44 PM,Dark,3/18/1980 8:40:20 PM,3/18/1980 8:41:33 PM,73,3.29,8.62,
65,107,9/16/2014 8:42:32 PM,Dark,3/18/1980 8:41:58 PM,3/18/1980 8:42:21 PM,23,1.51,10.13,
65,108,9/16/2014 8:45:52 PM,Dark,3/18/1980 8:44:29 PM,3/18/1980 8:45:42 PM,73,3.64,13.77,
65,109,9/16/2014 8:46:58 PM,Dark,3/18/1980 8:46:24 PM,3/18/1980 8:46:47 PM,23,0.41,14.18,
66,110,9/16/2014 8:52:56 PM,Dark,3/18/1980 8:51:14 PM,3/18/1980 8:52:46 PM,92,-8.65,5.53,
66,111,9/16/2014 8:56:41 PM,Dark,3/18/1980 8:56:09 PM,3/18/1980 8:56:30 PM,21,0.16,5.70,
66,112,9/16/2014 8:57:57 PM,Dark,3/18/1980 8:56:50 PM,3/18/1980 8:57:46 PM,56,-0.15,5.54,
66,113,9/16/2014 9:01:38 PM,Dark,3/18/1980 8:59:12 PM,3/18/1980 9:01:28 PM,136,0.08,5.62,
66,114,9/16/2014 9:04:15 PM,Dark,3/18/1980 9:04:00 PM,3/18/1980 9:04:04 PM,4,0.05,5.67,
66,115,9/16/2014 9:07:14 PM,Dark,3/18/1980 9:05:16 PM,3/18/1980 9:07:03 PM,107,0.19,5.86,
66,116,9/16/2014 9:07:51 PM,Dark,3/18/1980 9:07:26 PM,3/18/1980 9:07:41 PM,15,-0.05,5.80,
66,117,9/16/2014 9:09:49 PM,Dark,3/18/1980 9:09:31 PM,3/18/1980 9:09:39 PM,8,-0.29,5.51,
66,118,9/16/2014 9:10:30 PM,Dark,3/18/1980 9:10:09 PM,3/18/1980 9:10:19 PM,10,0.32,5.83,
66,119,9/16/2014 9:12:16 PM,Dark,3/18/1980 9:11:53 PM,3/18/1980 9:12:05 PM,12,0.04,5.87,
66,120,9/16/2014 9:13:22 PM,Dark,3/18/1980 9:12:55 PM,3/18/1980 9:13:12 PM,17,-0.15,5.72,
66,121,9/16/2014 9:14:50 PM,Dark,3/18/1980 9:14:27 PM,3/18/1980 9:14:39 PM,12,0.12,5.84,
66,122,9/16/2014 9:17:11 PM,Dark,3/18/1980 9:16:43 PM,3/18/1980 9:17:00 PM,17,-0.10,5.74,
67,123,9/16/2014 9:22:26 PM,Dark,3/18/1980 9:21:28 PM,3/18/1980 9:22:16 PM,48,-0.08,5.67,
67,124,9/16/2014 9:24:43 PM,Dark,3/18/1980 9:24:27 PM,3/18/1980 9:24:32 PM,5,-0.08,5.59,
67,125,9/16/2014 9:26:12 PM,Dark,3/18/1980 9:24:59 PM,3/18/1980 9:26:01 PM,62,0.03,5.62,
67,126,9/16/2014 9:27:36 PM,Dark,3/18/1980 9:26:14 PM,3/18/1980 9:27:26 PM,72,0.04,5.66,
67,127,9/16/2014 9:30:05 PM,Dark,3/18/1980 9:28:35 PM,3/18/1980 9:29:54 PM,79,0.17,5.83,
67,128,9/16/2014 9:30:42 PM,Dark,3/18/1980 9:30:09 PM,3/18/1980 9:30:31 PM,22,0.28,6.12,
67,129,9/16/2014 9:32:40 PM,Dark,3/18/1980 9:32:19 PM,3/18/1980 9:32:29 PM,10,0.04,6.16,
67,130,9/16/2014 9:36:07 PM,Dark,3/18/1980 9:35:11 PM,3/18/1980 9:35:56 PM,45,0.19,6.34,
67,131,9/16/2014 9:40:11 PM,Dark,3/18/1980 9:38:13 PM,3/18/1980 9:40:00 PM,107,-0.20,6.15,
67,132,9/16/2014 9:41:17 PM,Dark,3/18/1980 9:40:41 PM,3/18/1980 9:41:06 PM,25,34.47,40.62,
68,133,9/16/2014 9:45:00 PM,Dark,3/18/1980 9:44:34 PM,3/18/1980 9:44:49 PM,15,0.41,41.02,
68,134,9/16/2014 9:46:32 PM,Dark,3/18/1980 9:46:14 PM,3/18/1980 9:46:21 PM,7,-36.08,4.95,
68,135,9/16/2014 9:57:43 PM,Dark,3/18/1980 9:57:16 PM,3/18/1980 9:57:32 PM,16,0.04,4.99,
68,136,9/16/2014 9:58:35 PM,Dark,3/18/1980 9:58:03 PM,3/18/1980 9:58:24 PM,21,0.10,5.09,
68,137,9/16/2014 10:02:37 PM,Dark,3/18/1980 10:00:20 PM,3/18/1980 10:02:26 PM,126,-0.10,4.98,
68,138,9/16/2014 10:03:57 PM,Dark,3/18/1980 10:03:36 PM,3/18/1980 10:03:46 PM,10,-0.11,4.87,
68,139,9/16/2014 10:04:43 PM,Dark,3/18/1980 10:04:21 PM,3/18/1980 10:04:32 PM,11,-0.22,4.65,
68,140,9/16/2014 10:05:09 PM,Dark,3/18/1980 10:04:48 PM,3/18/1980 10:04:58 PM,10,0.06,4.71,
68,141,9/16/2014 10:08:08 PM,Dark,3/18/1980 10:06:20 PM,3/18/1980 10:07:58 PM,98,0.05,4.76,
69,142,9/16/2014 10:10:31 PM,Dark,3/18/1980 10:08:28 PM,3/18/1980 10:10:21 PM,113,0.05,4.81,
69,143,9/16/2014 10:14:33 PM,Dark,3/18/1980 10:13:24 PM,3/18/1980 10:14:23 PM,59,0.12,4.93,
69,144,9/16/2014 10:16:25 PM,Dark,3/18/1980 10:15:59 PM,3/18/1980 10:16:14 PM,15,-0.07,4.86,
69,145,9/16/2014 10:16:47 PM,Dark,3/18/1980 10:16:33 PM,3/18/1980 10:16:36 PM,3,-0.14,4.72,
69,146,9/16/2014 10:19:55 PM,Dark,3/18/1980 10:19:13 PM,3/18/1980 10:19:45 PM,32,33.98,38.70,
69,147,9/16/2014 10:20:25 PM,Dark,3/18/1980 10:20:03 PM,3/18/1980 10:20:14 PM,11,0.58,39.28,
69,148,9/16/2014 10:22:02 PM,Dark,3/18/1980 10:21:35 PM,3/18/1980 10:21:52 PM,17,-34.19,5.09,
69,149,9/16/2014 10:25:22 PM,Dark,3/18/1980 10:23:29 PM,3/18/1980 10:25:11 PM,102,0.38,5.47,
69,150,9/16/2014 10:27:48 PM,Dark,3/18/1980 10:27:27 PM,3/18/1980 10:27:37 PM,10,-0.04,5.43,
69,151,9/16/2014 10:30:27 PM,Dark,3/18/1980 10:29:32 PM,3/18/1980 10:30:16 PM,44,0.05,5.47,
70,152,9/16/2014 10:36:56 PM,Dark,3/18/1980 10:36:19 PM,3/18/1980 10:36:45 PM,26,38.21,43.68,
70,153,9/16/2014 10:40:13 PM,Dark,3/18/1980 10:39:02 PM,3/18/1980 10:40:02 PM,60,-6.23,37.45,
70,154,9/16/2014 10:41:00 PM,Dark,3/18/1980 10:40:24 PM,3/18/1980 10:40:50 PM,26,-32.48,4.96,
70,155,9/16/2014 10:46:47 PM,Dark,3/18/1980 10:43:28 PM,3/18/1980 10:46:37 PM,189,0.24,5.20,
70,156,9/16/2014 10:50:50 PM,Dark,3/18/1980 10:48:33 PM,3/18/1980 10:50:40 PM,127,-0.04,5.16,
70,157,9/16/2014 10:54:21 PM,Dark,3/18/1980 10:53:54 PM,3/18/1980 10:54:11 PM,17,0.21,5.37,
70,158,9/16/2014 10:59:41 PM,Dark,3/18/1980 10:59:20 PM,3/18/1980 10:59:30 PM,10,-0.06,5.32,
71,159,9/16/2014 11:22:39 PM,Dark,3/18/1980 11:20:32 PM,3/18/1980 11:22:28 PM,116,-0.08,5.23,
71,160,9/16/2014 11:22:58 PM,Dark,3/18/1980 11:22:43 PM,3/18/1980 11:22:47 PM,4,0.08,5.31,
71,161,9/16/2014 11:23:31 PM,Dark,3/18/1980 11:23:17 PM,3/18/1980 11:23:20 PM,3,0.16,5.47,
72,162,9/16/2014 11:26:04 PM,Dark,3/18/1980 11:25:43 PM,3/18/1980 11:25:53 PM,10,-0.22,5.26,
72,163,9/16/2014 11:28:17 PM,Dark,3/18/1980 11:26:09 PM,3/18/1980 11:28:06 PM,117,0.28,5.54,
72,164,9/16/2014 11:30:09 PM,Dark,3/18/1980 11:29:31 PM,3/18/1980 11:29:59 PM,28,-0.22,5.32,
72,165,9/16/2014 11:47:46 PM,Dark,3/18/1980 11:43:29 PM,3/18/1980 11:47:35 PM,246,0.17,5.49,
74,166,9/17/2014 12:35:51 AM,Dark,3/18/1980 12:35:36 AM,3/18/1980 12:35:41 AM,5,-0.03,5.46,
74,167,9/17/2014 12:36:11 AM,Dark,3/18/1980 12:35:56 AM,3/18/1980 12:36:01 AM,5,0.07,5.54,
74,168,9/17/2014 12:37:41 AM,Dark,3/18/1980 12:37:06 AM,3/18/1980 12:37:30 AM,24,-0.51,5.02,
74,169,9/17/2014 12:38:49 AM,Dark,3/18/1980 12:37:45 AM,3/18/1980 12:38:38 AM,53,0.39,5.41,
75,170,9/17/2014 12:44:42 AM,Dark,3/18/1980 12:40:52 AM,3/18/1980 12:44:31 AM,219,-0.07,5.33,
75,171,9/17/2014 12:45:37 AM,Dark,3/18/1980 12:44:50 AM,3/18/1980 12:45:26 AM,36,0.17,5.50,
75,172,9/17/2014 12:46:39 AM,Dark,3/18/1980 12:46:14 AM,3/18/1980 12:46:28 AM,14,-0.04,5.46,
75,173,9/17/2014 12:48:55 AM,Dark,3/18/1980 12:48:21 AM,3/18/1980 12:48:45 AM,24,0.08,5.54,
75,174,9/17/2014 12:49:58 AM,Dark,3/18/1980 12:49:12 AM,3/18/1980 12:49:47 AM,35,-0.05,5.49,
75,175,9/17/2014 12:52:55 AM,Dark,3/18/1980 12:52:18 AM,3/18/1980 12:52:44 AM,26,-0.15,5.35,
75,176,9/17/2014 1:06:22 AM,Dark,3/18/1980 1:06:01 AM,3/18/1980 1:06:12 AM,11,-0.07,5.28,
77,177,9/17/2014 1:57:10 AM,Dark,3/18/1980 1:56:35 AM,3/18/1980 1:56:59 AM,24,-0.15,5.12,
78,178,9/17/2014 2:00:18 AM,Dark,3/18/1980 1:59:51 AM,3/18/1980 2:00:07 AM,16,0.18,5.30,
78,179,9/17/2014 2:00:43 AM,Dark,3/18/1980 2:00:18 AM,3/18/1980 2:00:32 AM,14,0.10,5.40,
78,180,9/17/2014 2:04:02 AM,Dark,3/18/1980 2:03:45 AM,3/18/1980 2:03:52 AM,7,0.04,5.44,
78,181,9/17/2014 2:05:32 AM,Dark,3/18/1980 2:05:15 AM,3/18/1980 2:05:21 AM,6,0.04,5.49,
78,182,9/17/2014 2:06:45 AM,Dark,3/18/1980 2:05:34 AM,3/18/1980 2:06:35 AM,61,0.16,5.65,
78,183,9/17/2014 2:07:27 AM,Dark,3/18/1980 2:07:07 AM,3/18/1980 2:07:16 AM,9,-0.32,5.33,
78,184,9/17/2014 2:08:30 AM,Dark,3/18/1980 2:08:09 AM,3/18/1980 2:08:19 AM,10,0.07,5.40,
78,185,9/17/2014 2:14:16 AM,Dark,3/18/1980 2:08:56 AM,3/18/1980 2:14:05 AM,309,0.04,5.44,
78,186,9/17/2014 2:15:15 AM,Dark,3/18/1980 2:14:55 AM,3/18/1980 2:15:05 AM,10,-0.04,5.40,
78,187,9/17/2014 2:17:28 AM,Dark,3/18/1980 2:15:35 AM,3/18/1980 2:17:17 AM,102,-0.06,5.34,
78,188,9/17/2014 2:19:15 AM,Dark,3/18/1980 2:18:53 AM,3/18/1980 2:19:05 AM,12,0.09,5.43,
78,189,9/17/2014 2:21:35 AM,Dark,3/18/1980 2:20:37 AM,3/18/1980 2:21:25 AM,48,0.18,5.61,
79,190,9/17/2014 2:28:04 AM,Dark,3/18/1980 2:23:45 AM,3/18/1980 2:27:53 AM,248,0.32,5.93,
81,191,9/17/2014 3:17:09 AM,Dark,3/18/1980 3:14:44 AM,3/18/1980 3:16:58 AM,134,0.22,6.16,
83,192,9/17/2014 4:24:20 AM,Dark,3/18/1980 4:23:57 AM,3/18/1980 4:24:10 AM,13,0.26,6.41,
84,193,9/17/2014 4:39:12 AM,Dark,3/18/1980 4:35:46 AM,3/18/1980 4:39:02 AM,196,0.22,6.63,
84,194,9/17/2014 4:42:09 AM,Dark,3/18/1980 4:40:43 AM,3/18/1980 4:41:59 AM,76,0.11,6.75,
84,195,9/17/2014 4:43:57 AM,Dark,3/18/1980 4:43:04 AM,3/18/1980 4:43:47 AM,43,0.11,6.86,
84,196,9/17/2014 4:45:02 AM,Dark,3/18/1980 4:44:42 AM,3/18/1980 4:44:51 AM,9,0.27,7.13,
85,197,9/17/2014 4:59:29 AM,Dark,3/18/1980 4:56:18 AM,3/18/1980 4:59:18 AM,180,0.21,7.34,
87,198,9/17/2014 6:06:20 AM,Dark,3/18/1980 6:05:31 AM,3/18/1980 6:06:10 AM,39,0.63,7.96,
87,199,9/17/2014 6:13:16 AM,Dark,3/18/1980 6:12:54 AM,3/18/1980 6:13:05 AM,11,-0.08,7.88,
88,200,9/17/2014 6:13:54 AM,Dark,3/18/1980 6:13:21 AM,3/18/1980 6:13:43 AM,22,0.32,8.21,
88,201,9/17/2014 6:18:40 AM,Dark,3/18/1980 6:18:10 AM,3/18/1980 6:18:30 AM,20,0.17,8.38,
88,202,9/17/2014 6:30:40 AM,Dark,3/18/1980 6:30:24 AM,3/18/1980 6:30:29 AM,5,0.08,8.46,
88,203,9/17/2014 6:31:59 AM,Dark,3/18/1980 6:31:35 AM,3/18/1980 6:31:49 AM,14,-0.16,8.30,
89,204,9/17/2014 7:01:13 AM,Dark,3/18/1980 7:00:57 AM,3/18/1980 7:01:03 AM,6,-0.05,8.24,
90,205,9/17/2014 7:29:06 AM,Light,3/18/1980 7:28:46 AM,3/18/1980 7:28:55 AM,9,-0.14,8.11,
93,206,9/17/2014 8:21:26 AM,Light,3/18/1980 8:19:20 AM,3/18/1980 8:21:15 AM,115,-0.16,7.95,
93,207,9/17/2014 8:29:32 AM,Light,3/18/1980 8:29:12 AM,3/18/1980 8:29:22 AM,10,0.19,8.14,
93,208,9/17/2014 8:31:06 AM,Light,3/18/1980 8:30:41 AM,3/18/1980 8:30:56 AM,15,-0.10,8.03,
93,209,9/17/2014 8:34:08 AM,Light,3/18/1980 8:32:42 AM,3/18/1980 8:33:57 AM,75,-0.19,7.85,
93,210,9/17/2014 8:37:16 AM,Light,3/18/1980 8:36:55 AM,3/18/1980 8:37:06 AM,11,-0.04,7.81,
96,211,9/17/2014 9:37:57 AM,Light,3/18/1980 9:37:41 AM,3/18/1980 9:37:46 AM,5,-0.15,7.66,
98,212,9/17/2014 10:37:27 AM,Light,3/18/1980 10:36:05 AM,3/18/1980 10:37:16 AM,71,-0.45,7.21,
98,213,9/17/2014 10:37:55 AM,Light,3/18/1980 10:37:29 AM,3/18/1980 10:37:45 AM,16,0.12,7.33,
98,214,9/17/2014 10:44:47 AM,Light,3/18/1980 10:44:15 AM,3/18/1980 10:44:36 AM,21,0.06,7.39,
99,215,9/17/2014 11:15:02 AM,Light,3/18/1980 11:14:21 AM,3/18/1980 11:14:51 AM,30,0.36,7.75,
102,216,9/17/2014 12:18:27 PM,Light,3/18/1980 12:17:39 PM,3/18/1980 12:18:17 PM,38,-0.20,7.55,
102,217,9/17/2014 12:20:06 PM,Light,3/18/1980 12:18:38 PM,3/18/1980 12:19:55 PM,77,0.05,7.59,
110,218,9/17/2014 3:51:27 PM,Light,3/18/1980 3:48:51 PM,3/18/1980 3:51:16 PM,145,0.18,7.77,
110,219,9/17/2014 3:57:05 PM,Light,3/18/1980 3:56:51 PM,3/18/1980 3:56:54 PM,3,-0.30,7.47,
113,220,9/17/2014 5:05:33 PM,Light,3/18/1980 5:04:34 PM,3/18/1980 5:05:22 PM,48,0.11,7.58,
113,221,9/17/2014 5:07:06 PM,Light,3/18/1980 5:05:46 PM,3/18/1980 5:06:55 PM,69,0.12,7.70,
114,222,9/17/2014 5:40:36 PM,Light,3/18/1980 5:38:57 PM,3/18/1980 5:40:26 PM,89,0.15,7.84,
115,223,9/17/2014 5:41:51 PM,Light,3/18/1980 5:40:40 PM,3/18/1980 5:41:40 PM,60,-0.13,7.71,
115,224,9/17/2014 5:44:04 PM,Light,3/18/1980 5:42:41 PM,3/18/1980 5:43:54 PM,73,0.08,7.79,
115,225,9/17/2014 5:48:53 PM,Light,3/18/1980 5:48:34 PM,3/18/1980 5:48:43 PM,9,-0.11,7.68,
115,226,9/17/2014 5:51:31 PM,Light,3/18/1980 5:50:03 PM,3/18/1980 5:51:20 PM,77,-0.19,7.49,
115,227,9/17/2014 5:52:33 PM,Light,3/18/1980 5:51:49 PM,3/18/1980 5:52:22 PM,33,0.28,7.76,
115,228,9/17/2014 5:57:29 PM,Light,3/18/1980 5:56:44 PM,3/18/1980 5:57:18 PM,34,-0.06,7.70,
115,229,9/17/2014 5:59:10 PM,Light,3/18/1980 5:58:03 PM,3/18/1980 5:58:59 PM,56,-0.13,7.57,
116,230,9/17/2014 6:10:46 PM,Light,3/18/1980 6:10:05 PM,3/18/1980 6:10:35 PM,30,-0.22,7.35,
116,231,9/17/2014 6:12:10 PM,Light,3/18/1980 6:11:38 PM,3/18/1980 6:11:59 PM,21,0.14,7.48,
116,232,9/17/2014 6:15:28 PM,Light,3/18/1980 6:15:01 PM,3/18/1980 6:15:18 PM,17,-0.34,7.15,
116,233,9/17/2014 6:16:29 PM,Light,3/18/1980 6:15:47 PM,3/18/1980 6:16:18 PM,31,-0.06,7.09,
116,234,9/17/2014 6:18:39 PM,Light,3/18/1980 6:18:01 PM,3/18/1980 6:18:29 PM,28,-0.05,7.04,
116,235,9/17/2014 6:19:35 PM,Light,3/18/1980 6:19:03 PM,3/18/1980 6:19:24 PM,21,-0.09,6.95,
116,236,9/17/2014 6:20:02 PM,Light,3/18/1980 6:19:40 PM,3/18/1980 6:19:52 PM,12,0.37,7.32,
116,237,9/17/2014 6:23:44 PM,Light,3/18/1980 6:22:51 PM,3/18/1980 6:23:34 PM,43,-0.13,7.19,
116,238,9/17/2014 6:24:19 PM,Light,3/18/1980 6:23:45 PM,3/18/1980 6:24:09 PM,24,0.04,7.24,
116,239,9/17/2014 6:30:57 PM,Light,3/18/1980 6:30:38 PM,3/18/1980 6:30:46 PM,8,-0.06,7.18,
116,240,9/17/2014 6:31:54 PM,Light,3/18/1980 6:31:04 PM,3/18/1980 6:31:43 PM,39,-0.04,7.14,
117,241,9/17/2014 6:37:54 PM,Light,3/18/1980 6:37:31 PM,3/18/1980 6:37:43 PM,12,0.12,7.25,
117,242,9/17/2014 6:44:10 PM,Light,3/18/1980 6:41:29 PM,3/18/1980 6:44:00 PM,151,0.10,7.35,
117,243,9/17/2014 6:58:06 PM,Light,3/18/1980 6:57:31 PM,3/18/1980 6:57:55 PM,24,-0.12,7.23,
118,244,9/17/2014 7:00:02 PM,Dark,3/18/1980 6:59:13 PM,3/18/1980 6:59:51 PM,38,0.31,7.54,
118,245,9/17/2014 7:02:19 PM,Dark,3/18/1980 7:00:17 PM,3/18/1980 7:02:09 PM,112,0.11,7.64,
118,246,9/17/2014 7:04:51 PM,Dark,3/18/1980 7:04:35 PM,3/18/1980 7:04:41 PM,6,-0.42,7.23,
118,247,9/17/2014 7:10:08 PM,Dark,3/18/1980 7:07:55 PM,3/18/1980 7:09:57 PM,122,0.04,7.27,
118,248,9/17/2014 7:11:13 PM,Dark,3/18/1980 7:10:27 PM,3/18/1980 7:11:01 PM,34,0.17,7.43,
118,249,9/17/2014 7:13:02 PM,Dark,3/18/1980 7:11:34 PM,3/18/1980 7:12:52 PM,78,0.41,7.84,
118,250,9/17/2014 7:13:27 PM,Dark,3/18/1980 7:13:05 PM,3/18/1980 7:13:17 PM,12,-0.41,7.44,
118,251,9/17/2014 7:15:29 PM,Dark,3/18/1980 7:14:44 PM,3/18/1980 7:15:19 PM,35,0.11,7.55,
118,252,9/17/2014 7:18:57 PM,Dark,3/18/1980 7:18:36 PM,3/18/1980 7:18:47 PM,11,0.05,7.60,
118,253,9/17/2014 7:21:39 PM,Dark,3/18/1980 7:21:23 PM,3/18/1980 7:21:28 PM,5,0.06,7.66,
120,254,9/17/2014 8:13:27 PM,Dark,3/18/1980 8:10:32 PM,3/18/1980 8:13:16 PM,164,-0.30,7.36,
121,255,9/17/2014 8:16:23 PM,Dark,3/18/1980 8:15:37 PM,3/18/1980 8:16:13 PM,36,-0.07,7.29,
121,256,9/17/2014 8:20:57 PM,Dark,3/18/1980 8:18:02 PM,3/18/1980 8:20:47 PM,165,0.12,7.41,
121,257,9/17/2014 8:21:43 PM,Dark,3/18/1980 8:21:02 PM,3/18/1980 8:21:32 PM,30,-0.16,7.25,
121,258,9/17/2014 8:22:33 PM,Dark,3/18/1980 8:22:00 PM,3/18/1980 8:22:22 PM,22,-0.06,7.19,
121,259,9/17/2014 8:23:17 PM,Dark,3/18/1980 8:22:37 PM,3/18/1980 8:23:07 PM,30,0.11,7.30,
121,260,9/17/2014 8:26:39 PM,Dark,3/18/1980 8:23:21 PM,3/18/1980 8:26:29 PM,188,0.15,7.45,
121,261,9/17/2014 8:27:03 PM,Dark,3/18/1980 8:26:44 PM,3/18/1980 8:26:51 PM,7,0.10,7.56,
121,262,9/17/2014 8:28:16 PM,Dark,3/18/1980 8:27:58 PM,3/18/1980 8:28:05 PM,7,-0.06,7.49,
121,263,9/17/2014 8:28:47 PM,Dark,3/18/1980 8:28:17 PM,3/18/1980 8:28:37 PM,20,0.09,7.59,
121,264,9/17/2014 8:29:20 PM,Dark,3/18/1980 8:29:01 PM,3/18/1980 8:29:10 PM,9,0.03,7.62,
121,265,9/17/2014 8:36:30 PM,Dark,3/19/1980 8:36:01 PM,3/19/1980 8:36:20 PM,19,0.25,7.87,
122,266,9/17/2014 8:42:31 PM,Dark,3/19/1980 8:41:26 PM,3/19/1980 8:42:21 PM,55,0.08,7.95,
122,267,9/17/2014 8:44:58 PM,Dark,3/19/1980 8:43:43 PM,3/19/1980 8:44:47 PM,64,0.22,8.17,
122,268,9/17/2014 8:48:49 PM,Dark,3/19/1980 8:45:00 PM,3/19/1980 8:48:38 PM,218,0.25,8.42,
122,269,9/17/2014 8:52:01 PM,Dark,3/19/1980 8:51:30 PM,3/19/1980 8:51:50 PM,20,0.07,8.49,
122,270,9/17/2014 8:56:27 PM,Dark,3/19/1980 8:56:08 PM,3/19/1980 8:56:16 PM,8,0.10,8.59,
122,271,9/17/2014 8:58:00 PM,Dark,3/19/1980 8:57:27 PM,3/19/1980 8:57:49 PM,22,-0.14,8.45,
122,272,9/17/2014 9:03:55 PM,Dark,3/19/1980 9:02:05 PM,3/19/1980 9:03:44 PM,99,0.08,8.53,
126,273,9/17/2014 10:25:13 PM,Dark,3/19/1980 10:24:32 PM,3/19/1980 10:25:02 PM,30,-0.18,8.35,
126,274,9/17/2014 10:28:28 PM,Dark,3/19/1980 10:27:49 PM,3/19/1980 10:28:17 PM,28,-0.07,8.29,
126,275,9/17/2014 10:31:59 PM,Dark,3/19/1980 10:28:43 PM,3/19/1980 10:31:49 PM,186,1.00,9.29,
126,276,9/17/2014 10:32:34 PM,Dark,3/19/1980 10:32:15 PM,3/19/1980 10:32:23 PM,8,-0.71,8.58,
126,277,9/17/2014 10:33:46 PM,Dark,3/19/1980 10:33:15 PM,3/19/1980 10:33:36 PM,21,-0.40,8.18,
126,278,9/17/2014 10:40:25 PM,Dark,3/19/1980 10:39:54 PM,3/19/1980 10:40:15 PM,21,-0.10,8.07,
126,279,9/17/2014 10:45:48 PM,Dark,3/19/1980 10:45:19 PM,3/19/1980 10:45:37 PM,18,-0.32,7.76,
127,280,9/17/2014 10:51:32 PM,Dark,3/19/1980 10:49:04 PM,3/19/1980 10:51:22 PM,138,0.07,7.82,
127,281,9/17/2014 10:54:19 PM,Dark,3/19/1980 10:53:07 PM,3/19/1980 10:54:08 PM,61,0.49,8.31,
127,282,9/17/2014 10:55:29 PM,Dark,3/19/1980 10:54:38 PM,3/19/1980 10:55:19 PM,41,-0.43,7.88,
127,283,9/17/2014 10:56:56 PM,Dark,3/19/1980 10:56:26 PM,3/19/1980 10:56:45 PM,19,0.24,8.12,
127,284,9/17/2014 11:01:47 PM,Dark,3/19/1980 11:00:32 PM,3/19/1980 11:01:36 PM,64,0.23,8.36,
127,285,9/17/2014 11:03:11 PM,Dark,3/19/1980 11:01:58 PM,3/19/1980 11:03:01 PM,63,0.17,8.53,
127,286,9/17/2014 11:05:27 PM,Dark,3/19/1980 11:04:42 PM,3/19/1980 11:05:16 PM,34,-0.59,7.94,
127,287,9/17/2014 11:06:51 PM,Dark,3/19/1980 11:05:27 PM,3/19/1980 11:06:41 PM,74,0.44,8.39,
128,288,9/17/2014 11:15:59 PM,Dark,3/19/1980 11:14:50 PM,3/19/1980 11:15:48 PM,58,-0.55,7.84,
128,289,9/17/2014 11:32:10 PM,Dark,3/19/1980 11:31:33 PM,3/19/1980 11:31:59 PM,26,0.28,8.11,
128,290,9/17/2014 11:32:40 PM,Dark,3/19/1980 11:32:15 PM,3/19/1980 11:32:30 PM,15,-0.04,8.07,
128,291,9/17/2014 11:34:44 PM,Dark,3/19/1980 11:34:13 PM,3/19/1980 11:34:33 PM,20,-0.07,8.01,
129,292,9/17/2014 11:41:46 PM,Dark,3/19/1980 11:40:55 PM,3/19/1980 11:41:35 PM,40,0.29,8.29,
132,293,9/18/2014 1:15:46 AM,Dark,3/19/1980 1:13:35 AM,3/19/1980 1:15:35 AM,120,0.18,8.47,
132,294,9/18/2014 1:16:19 AM,Dark,3/19/1980 1:15:51 AM,3/19/1980 1:16:09 AM,18,-0.07,8.41,
132,295,9/18/2014 1:16:56 AM,Dark,3/19/1980 1:16:38 AM,3/19/1980 1:16:46 AM,8,0.18,8.59,
132,296,9/18/2014 1:18:31 AM,Dark,3/19/1980 1:18:09 AM,3/19/1980 1:18:20 AM,11,-0.05,8.54,
132,297,9/18/2014 1:19:22 AM,Dark,3/19/1980 1:19:07 AM,3/19/1980 1:19:11 AM,4,-0.04,8.50,
133,298,9/18/2014 1:23:45 AM,Dark,3/19/1980 1:22:46 AM,3/19/1980 1:23:35 AM,49,0.88,9.38,
133,299,9/18/2014 1:26:25 AM,Dark,3/19/1980 1:25:53 AM,3/19/1980 1:26:15 AM,22,0.07,9.45,
133,300,9/18/2014 1:29:28 AM,Dark,3/19/1980 1:29:07 AM,3/19/1980 1:29:18 AM,11,0.09,9.55,
133,301,9/18/2014 1:35:04 AM,Dark,3/19/1980 1:34:30 AM,3/19/1980 1:34:53 AM,23,0.09,9.64,
133,302,9/18/2014 1:38:47 AM,Dark,3/19/1980 1:38:19 AM,3/19/1980 1:38:36 AM,17,0.15,9.79,
133,303,9/18/2014 1:40:14 AM,Dark,3/19/1980 1:39:53 AM,3/19/1980 1:40:03 AM,10,0.09,9.88,
133,304,9/18/2014 1:44:01 AM,Dark,3/19/1980 1:41:13 AM,3/19/1980 1:43:50 AM,157,0.22,10.10,
134,305,9/18/2014 1:55:31 AM,Dark,3/19/1980 1:55:06 AM,3/19/1980 1:55:21 AM,15,0.06,10.16,
135,306,9/18/2014 2:13:58 AM,Dark,3/19/1980 2:13:32 AM,3/19/1980 2:13:46 AM,14,0.09,10.26,
135,307,9/18/2014 2:15:20 AM,Dark,3/19/1980 2:14:59 AM,3/19/1980 2:15:09 AM,10,-0.30,9.96,
135,308,9/18/2014 2:15:43 AM,Dark,3/19/1980 2:15:23 AM,3/19/1980 2:15:33 AM,10,0.10,10.06,
137,309,9/18/2014 3:24:37 AM,Dark,3/19/1980 3:24:21 AM,3/19/1980 3:24:27 AM,6,-0.06,10.00,
139,310,9/18/2014 4:08:49 AM,Dark,3/19/1980 4:07:45 AM,3/19/1980 4:08:38 AM,53,0.52,10.52,
139,311,9/18/2014 4:09:20 AM,Dark,3/19/1980 4:08:50 AM,3/19/1980 4:09:10 AM,20,-0.43,10.09,
140,312,9/18/2014 4:19:54 AM,Dark,3/19/1980 4:15:51 AM,3/19/1980 4:19:43 AM,232,0.57,10.66,
140,313,9/18/2014 4:22:11 AM,Dark,3/19/1980 4:21:35 AM,3/19/1980 4:22:00 AM,25,-0.10,10.56,
140,314,9/18/2014 4:25:26 AM,Dark,3/19/1980 4:22:30 AM,3/19/1980 4:25:16 AM,166,-0.51,10.05,
142,315,9/18/2014 5:21:40 AM,Dark,3/19/1980 5:21:22 AM,3/19/1980 5:21:29 AM,7,-0.09,9.96,
142,316,9/18/2014 5:24:35 AM,Dark,3/19/1980 5:24:15 AM,3/19/1980 5:24:25 AM,10,0.63,10.58,
142,317,9/18/2014 5:26:12 AM,Dark,3/19/1980 5:25:50 AM,3/19/1980 5:26:01 AM,11,-0.36,10.23,
142,318,9/18/2014 5:27:24 AM,Dark,3/19/1980 5:26:18 AM,3/19/1980 5:27:13 AM,55,-0.23,10.00,
142,319,9/18/2014 5:31:56 AM,Dark,3/19/1980 5:27:31 AM,3/19/1980 5:31:45 AM,254,-0.04,9.96,
143,320,9/18/2014 5:36:43 AM,Dark,3/19/1980 5:35:53 AM,3/19/1980 5:36:32 AM,39,0.03,9.99,
143,321,9/18/2014 5:41:43 AM,Dark,3/19/1980 5:41:07 AM,3/19/1980 5:41:32 AM,25,0.06,10.05,
143,322,9/18/2014 5:44:16 AM,Dark,3/19/1980 5:41:48 AM,3/19/1980 5:44:06 AM,138,0.41,10.46,
143,323,9/18/2014 5:51:07 AM,Dark,3/19/1980 5:50:53 AM,3/19/1980 5:50:56 AM,3,-0.34,10.12,
143,324,9/18/2014 5:53:31 AM,Dark,3/19/1980 5:53:13 AM,3/19/1980 5:53:20 AM,7,-0.29,9.84,
146,325,9/18/2014 7:17:36 AM,Light,3/19/1980 7:17:16 AM,3/19/1980 7:17:25 AM,9,-0.15,9.69,
147,326,9/18/2014 7:22:01 AM,Light,3/19/1980 7:19:25 AM,3/19/1980 7:21:50 AM,145,-0.26,9.42,
147,327,9/18/2014 7:24:33 AM,Light,3/19/1980 7:23:22 AM,3/19/1980 7:24:23 AM,61,-0.03,9.39,
147,328,9/18/2014 7:27:31 AM,Light,3/19/1980 7:24:35 AM,3/19/1980 7:27:20 AM,165,0.17,9.56,
147,329,9/18/2014 7:29:25 AM,Light,3/19/1980 7:27:32 AM,3/19/1980 7:29:14 AM,102,0.25,9.81,
147,330,9/18/2014 7:30:44 AM,Light,3/19/1980 7:30:12 AM,3/19/1980 7:30:34 AM,22,0.26,10.07,
147,331,9/18/2014 7:35:21 AM,Light,3/19/1980 7:34:29 AM,3/19/1980 7:35:10 AM,41,-0.15,9.92,
147,332,9/18/2014 7:43:01 AM,Light,3/19/1980 7:40:15 AM,3/19/1980 7:42:50 AM,155,-0.22,9.70,
152,333,9/18/2014 9:31:33 AM,Light,3/19/1980 9:30:45 AM,3/19/1980 9:31:23 AM,38,0.06,9.77,
152,334,9/18/2014 9:33:36 AM,Light,3/19/1980 9:31:38 AM,3/19/1980 9:33:26 AM,108,-0.44,9.33,
152,335,9/18/2014 9:35:23 AM,Light,3/19/1980 9:34:26 AM,3/19/1980 9:35:12 AM,46,0.05,9.38,
152,336,9/18/2014 9:37:03 AM,Light,3/19/1980 9:36:38 AM,3/19/1980 9:36:52 AM,14,-0.08,9.30,
152,337,9/18/2014 9:41:51 AM,Light,3/19/1980 9:41:32 AM,3/19/1980 9:41:40 AM,8,0.04,9.34,
152,338,9/18/2014 9:42:54 AM,Light,3/19/1980 9:42:33 AM,3/19/1980 9:42:44 AM,11,-0.33,9.01,
152,339,9/18/2014 9:43:25 AM,Light,3/19/1980 9:43:05 AM,3/19/1980 9:43:14 AM,9,-0.11,8.90,
152,340,9/18/2014 9:43:59 AM,Light,3/19/1980 9:43:39 AM,3/19/1980 9:43:48 AM,9,0.09,8.99,
152,341,9/18/2014 9:45:06 AM,Light,3/19/1980 9:44:38 AM,3/19/1980 9:44:55 AM,17,-0.05,8.95,
153,342,9/18/2014 9:51:03 AM,Light,3/19/1980 9:50:12 AM,3/19/1980 9:50:53 AM,41,-0.32,8.63,
153,343,9/18/2014 9:53:25 AM,Light,3/19/1980 9:51:25 AM,3/19/1980 9:53:14 AM,109,-2.22,6.41,
153,344,9/18/2014 9:55:11 AM,Light,3/19/1980 9:53:34 AM,3/19/1980 9:55:00 AM,86,2.80,9.21,
159,345,9/18/2014 12:31:45 PM,Light,3/19/1980 12:30:26 PM,3/19/1980 12:31:34 PM,68,-0.25,8.97,
159,346,9/18/2014 12:32:53 PM,Light,3/19/1980 12:31:55 PM,3/19/1980 12:32:42 PM,47,0.09,9.06,
159,347,9/18/2014 12:38:54 PM,Light,3/19/1980 12:38:20 PM,3/19/1980 12:38:43 PM,23,0.41,9.47,
159,348,9/18/2014 12:41:04 PM,Light,3/19/1980 12:39:52 PM,3/19/1980 12:40:54 PM,62,0.03,9.50,
159,349,9/18/2014 12:41:34 PM,Light,3/19/1980 12:41:18 PM,3/19/1980 12:41:24 PM,6,-0.12,9.38,
159,350,9/18/2014 12:43:15 PM,Light,3/19/1980 12:42:55 PM,3/19/1980 12:43:03 PM,8,-0.03,9.35,
162,351,9/18/2014 1:43:19 PM,Light,3/19/1980 1:43:04 PM,3/19/1980 1:43:08 PM,4,0.18,9.53,
